-- cinema_movie_time 테이블
INSERT INTO redisstudy.cinema_movie_time (cinema_id, movie_id, movie_round, movie_start_time, movie_end_time, movie_hall, cinema_nm, screen_show_yn, create_date, modify_date, cinema_seat_cnt, created_at, created_by, modify_at, updated_by, movie_info)
VALUES
(1, 101, 1, '2025-04-10 14:00:00', '2025-04-10 16:30:00', 1, 'CGV 강남', 1, '2025-04-10 11:40:27', '2025-04-10 11:40:27', 100, null, '2025-04-10 11:41:49', null, '2025-04-10 16:53:54', null),
(2, 101, 2, '2025-04-10 17:00:00', '2025-04-10 19:00:00', 2, '롯데시네마 홍대', 1, '2025-04-10 11:40:27', '2025-04-10 11:40:27', 150, null, '2025-04-10 11:41:49', null, '2025-04-10 16:53:54', null),
(3, 101, 3, '2025-04-10 20:00:00', '2025-04-10 22:30:00', 3, '메가박스 신촌', 0, '2025-04-10 11:40:27', '2025-04-10 11:40:27', 120, null, '2025-04-10 11:41:49', null, '2025-04-10 16:53:54', null),
(4, 101, 4, '2025-04-10 15:00:00', '2025-04-10 17:30:00', 1, 'CGV 왕십리', 1, '2025-04-10 11:40:27', '2025-04-10 11:40:27', 200, null, '2025-04-10 11:41:49', null, '2025-04-10 16:53:54', null),
(5, 101, 5, '2025-04-10 18:00:00', '2025-04-10 20:30:00', 2, '롯데시네마 건대', 1, '2025-04-10 11:40:27', '2025-04-10 11:40:27', 130, null, '2025-04-10 11:41:49', null, '2025-04-10 16:53:54', null),
(6, 102, 1, '2025-04-10 14:00:00', '2025-04-10 16:30:00', 1, 'CGV 강남', 1, '2025-04-10 11:40:27', '2025-04-10 11:40:27', 100, null, '2025-04-10 11:41:49', null, '2025-04-10 16:53:54', null),
(7, 102, 2, '2025-04-10 17:00:00', '2025-04-10 19:00:00', 2, '롯데시네마 홍대', 1, '2025-04-10 11:40:27', '2025-04-10 11:40:27', 150, null, '2025-04-10 11:41:49', null, '2025-04-10 16:53:54', null),
(8, 102, 3, '2025-04-10 20:00:00', '2025-04-10 22:30:00', 3, '메가박스 신촌', 0, '2025-04-10 11:40:27', '2025-04-10 11:40:27', 120, null, '2025-04-10 11:41:49', null, '2025-04-10 16:53:54', null),
(9, 102, 4, '2025-04-10 15:00:00', '2025-04-10 17:30:00', 1, 'CGV 왕십리', 1, '2025-04-10 11:40:27', '2025-04-10 11:40:27', 200, null, '2025-04-10 11:41:49', null, '2025-04-10 16:53:54', null),
(10, 102, 5, '2025-04-10 18:00:00', '2025-04-10 20:30:00', 2, '롯데시네마 건대', 1, '2025-04-10 11:40:27', '2025-04-10 11:40:27', 130, null, '2025-04-10 11:41:49', null, '2025-04-10 16:53:54', null),
(11, 103, 1, '2025-04-10 14:00:00', '2025-04-10 16:30:00', 1, 'CGV 강남', 1, '2025-04-10 11:40:27', '2025-04-10 11:40:27', 100, null, '2025-04-10 11:41:49', null, '2025-04-10 16:53:54', null),
(12, 103, 2, '2025-04-10 17:00:00', '2025-04-10 19:00:00', 2, '롯데시네마 홍대', 1, '2025-04-10 11:40:27', '2025-04-10 11:40:27', 150, null, '2025-04-10 11:41:49', null, '2025-04-10 16:53:54', null),
(13, 103, 3, '2025-04-10 20:00:00', '2025-04-10 22:30:00', 3, '메가박스 신촌', 0, '2025-04-10 11:40:27', '2025-04-10 11:40:27', 120, null, '2025-04-10 11:41:49', null, '2025-04-10 16:53:54', null),
(14, 103, 4, '2025-04-10 15:00:00', '2025-04-10 17:30:00', 1, 'CGV 왕십리', 1, '2025-04-10 11:40:27', '2025-04-10 11:40:27', 200, null, '2025-04-10 11:41:49', null, '2025-04-10 16:53:54', null),
(15, 103, 5, '2025-04-10 18:00:00', '2025-04-10 20:30:00', 2, '롯데시네마 건대', 1, '2025-04-10 11:40:27', '2025-04-10 11:40:27', 130, null, '2025-04-10 11:41:49', null, '2025-04-10 16:53:54', null),
(16, 104, 1, '2025-04-10 14:00:00', '2025-04-10 16:30:00', 1, 'CGV 강남', 1, '2025-04-10 11:40:27', '2025-04-10 11:40:27', 100, null, '2025-04-10 11:41:49', null, '2025-04-10 16:53:54', null),
(17, 104, 2, '2025-04-10 17:00:00', '2025-04-10 19:00:00', 2, '롯데시네마 홍대', 1, '2025-04-10 11:40:27', '2025-04-10 11:40:27', 150, null, '2025-04-10 11:41:49', null, '2025-04-10 16:53:54', null),
(18, 104, 3, '2025-04-10 20:00:00', '2025-04-10 22:30:00', 3, '메가박스 신촌', 0, '2025-04-10 11:40:27', '2025-04-10 11:40:27', 120, null, '2025-04-10 11:41:49', null, '2025-04-10 16:53:54', null),
(19, 104, 4, '2025-04-10 15:00:00', '2025-04-10 17:30:00', 1, 'CGV 왕십리', 1, '2025-04-10 11:40:27', '2025-04-10 11:40:27', 200, null, '2025-04-10 11:41:49', null, '2025-04-10 16:53:54', null),
(20, 104, 5, '2025-04-10 18:00:00', '2025-04-10 20:30:00', 2, '롯데시네마 건대', 1, '2025-04-10 11:40:27', '2025-04-10 11:40:27', 130, null, '2025-04-10 11:41:49', null, '2025-04-10 16:53:54', null),
(21, 105, 1, '2025-04-10 14:00:00', '2025-04-10 16:30:00', 1, 'CGV 강남', 1, '2025-04-10 11:40:27', '2025-04-10 11:40:27', 100, null, '2025-04-10 11:41:49', null, '2025-04-10 16:53:54', null),
(22, 105, 2, '2025-04-10 17:00:00', '2025-04-10 19:00:00', 2, '롯데시네마 홍대', 1, '2025-04-10 11:40:27', '2025-04-10 11:40:27', 150, null, '2025-04-10 11:41:49', null, '2025-04-10 16:53:54', null),
(23, 105, 3, '2025-04-10 20:00:00', '2025-04-10 22:30:00', 3, '메가박스 신촌', 0, '2025-04-10 11:40:27', '2025-04-10 11:40:27', 120, null, '2025-04-10 11:41:49', null, '2025-04-10 16:53:54', null),
(24, 105, 4, '2025-04-10 15:00:00', '2025-04-10 17:30:00', 1, 'CGV 왕십리', 1, '2025-04-10 11:40:27', '2025-04-10 11:40:27', 200, null, '2025-04-10 11:41:49', null, '2025-04-10 16:53:54', null),
(25, 105, 5, '2025-04-10 18:00:00', '2025-04-10 20:30:00', 2, '롯데시네마 건대', 1, '2025-04-10 11:40:27', '2025-04-10 11:40:27', 130, null, '2025-04-10 11:41:49', null, '2025-04-10 16:53:54', null);


-- common_img 테이블
INSERT INTO common_img (img_seq, img_nm, img_path)
VALUES
(1, 'movie_poster1.jpg', '/images/movie1.jpg'),
(2, 'movie_poster2.jpg', '/images/movie2.jpg'),
(3, 'movie_poster3.jpg', '/images/movie3.jpg'),
(4, 'movie_poster4.jpg', '/images/movie4.jpg'),
(5, 'movie_poster5.jpg', '/images/movie5.jpg');

-- movie_user 테이블
INSERT INTO movie_user (user_id, login_id, pwd, user_nm, phone_num01, phone_num02, phone_num03, use_yn, create_date, last_login_date, role)
VALUES
(1, 'user01', 'pass01', '김철수', '010', '1234', '5678', TRUE, NOW(), NOW(), 'USER'),
(2, 'user02', 'pass02', '이영희', '010', '2345', '6789', TRUE, NOW(), NOW(), 'USER'),
(3, 'user03', 'pass03', '박민수', '010', '3456', '7890', FALSE, NOW(), NOW(), 'ADMIN'),
(4, 'user04', 'pass04', '최지현', '010', '4567', '8901', TRUE, NOW(), NOW(), 'USER'),
(5, 'user05', 'pass05', '정다연', '010', '5678', '9012', TRUE, NOW(), NOW(), 'USER');

-- movie_reser 테이블
INSERT INTO movie_reser (reser_id, seat_id, user_id, reser_cd, login_id, reser_time)
VALUES
(1, 101, 1, 'R2025040101', 'user01', NOW()),
(2, 102, 2, 'R2025040102', 'user02', NOW()),
(3, 103, 3, 'R2025040103', 'user03', NOW()),
(4, 104, 4, 'R2025040104', 'user04', NOW()),
(5, 105, 5, 'R2025040105', 'user05', NOW());

-- movie_info 테이블
INSERT INTO movie_info (movie_id, movie_nm, genre_cd, director_nm, open_date, show_time_min, show_yn)
VALUES
(1, '어벤져스', '액션', 'Whedon', '2012-05-04', 143, TRUE),
(2, '인셉션', 'SF', 'Nolan', '2010-07-16', 148, TRUE),
(3, '기생충', '드라마', '봉준호', '2019-05-30', 132, TRUE),
(4, '인터스텔라', 'SF', 'Nolan', '2014-11-07', 169, TRUE),
(5, '라라랜드', '뮤지컬', 'Chazelle', '2016-12-09', 128, TRUE);


-- movie_seat 테이블
INSERT INTO movie_seat (seat_id, cinema_id, seat_cd, seat_nm, seat_lv, created_at, created_by, modify_at, updated_by, is_reserved, seat_col, seat_row, version, reservation, seat, screen)
VALUES
(101, 1, 'A1', 'A구역 1번', 'VIP', '2025-04-09 19:32:30.000000', '2025-04-09 11:41:51', null, '2025-04-09 19:32:52', true, 'A', '1', 0, null, null, null, null),
(102, 1, 'A2', 'A구역 2번', 'VIP', '2025-04-09 19:32:32.000000', '2025-04-09 11:41:51', null, '2025-04-09 19:36:07', true, 'A', '2', 0, null, null, null, null),
(103, 1, 'B1', 'B구역 1번', '일반', '2025-04-09 19:32:35.000000', '2025-04-09 11:41:51', null, '2025-04-09 19:36:07', true, 'B', '1', 0, null, null, null, null),
(104, 1, 'B2', 'B구역 2번', '일반', '2025-04-09 19:32:36.000000', '2025-04-09 11:41:51', null, '2025-04-09 19:36:07', true, 'B', '2', 0, null, null, null, null),
(105, 1, 'C1', 'C구역 1번', '프리미엄', '2025-04-09 19:32:37.000000', '2025-04-09 11:41:51', null, '2025-04-09 19:36:07', true, 'C', '1', 0, null, null, null, null),
(106, 1, 'A3', 'A구역 3번', 'VIP', '2025-04-09 19:32:38.000000', '2025-04-09 19:28:56', null, '2025-04-09 19:36:07', false, 'A', '3', 0, null, null, null, null),
(107, 1, 'A4', 'A구역 4번', 'VIP', '2025-04-09 19:32:38.000000', '2025-04-09 19:28:56', null, '2025-04-09 19:36:07', false, 'A', '4', 0, null, null, null, null),
(108, 1, 'A5', 'A구역 5번', 'VIP', '2025-04-09 19:32:38.000000', '2025-04-09 19:28:56', null, '2025-04-09 19:36:07', false, 'A', '5', 0, null, null, null, null),
(109, 1, 'B3', 'B구역 3번', 'NORMAL', '2025-04-09 19:32:39.000000', '2025-04-09 19:28:56', null, '2025-04-09 19:36:07', false, 'B', '3', 0, null, null, null, null),
(110, 1, 'B4', 'B구역 4번', 'NORMAL', '2025-04-09 19:32:39.000000', '2025-04-09 19:28:56', null, '2025-04-09 19:36:07', false, 'B', '4', 0, null, null, null, null),
(111, 1, 'B5', 'B구역 5번', 'NORMAL', '2025-04-09 19:32:39.000000', '2025-04-09 19:28:56', null, '2025-04-09 19:36:07', false, 'B', '5', 0, null, null, null, null),
(112, 1, 'C2', 'C구역 2번', 'SUITE', '2025-04-09 19:32:40.000000', '2025-04-09 19:28:56', null, '2025-04-09 19:36:07', false, 'C', '2', 0, null, null, null, null),
(113, 1, 'C3', 'C구역 3번', 'SUITE', '2025-04-09 19:32:40.000000', '2025-04-09 19:28:56', null, '2025-04-09 19:36:07', false, 'C', '3', 0, null, null, null, null),
(114, 1, 'C4', 'C구역 4번', 'SUITE', '2025-04-09 19:32:40.000000', '2025-04-09 19:28:56', null, '2025-04-09 19:36:07', false, 'C', '4', 0, null, null, null, null),
(115, 1, 'C5', 'C구역 5번', 'SUITE', '2025-04-09 19:32:41.000000', '2025-04-09 19:28:56', null, '2025-04-09 19:36:07', false, 'C', '5', 0, null, null, null, null),
(116, 1, 'D2', 'D구역 1번', 'SUITE', '2025-04-09 19:32:41.000000', '2025-04-09 19:28:56', null, '2025-04-09 19:36:07', false, 'D', '1', 0, null, null, null, null),
(117, 1, 'D2', 'D구역 2번', 'SUITE', '2025-04-09 19:32:41.000000', '2025-04-09 19:28:56', null, '2025-04-09 19:36:07', false, 'D', '2', 0, null, null, null, null),
(118, 1, 'D3', 'D구역 3번', 'SUITE', '2025-04-09 19:32:42.000000', '2025-04-09 19:28:56', null, '2025-04-09 19:36:07', false, 'D', '3', 0, null, null, null, null),
(119, 1, 'D4', 'D구역 4번', 'SUITE', '2025-04-09 19:32:42.000000', '2025-04-09 19:28:56', null, '2025-04-09 19:36:07', false, 'D', '4', 0, null, null, null, null),
(120, 1, 'D5', 'D구역 5번', 'SUITE', '2025-04-09 19:32:42.000000', '2025-04-09 19:28:56', null, '2025-04-09 19:36:07', false, 'D', '5', 0, null, null, null, null),
(121, 1, 'E2', 'E구역 1번', 'NORMAL', '2025-04-09 19:32:43.000000', '2025-04-09 19:28:56', null, '2025-04-09 19:36:07', false, 'E', '1', 0, null, null, null, null),
(122, 1, 'E2', 'E구역 2번', 'NORMAL', '2025-04-09 19:32:43.000000', '2025-04-09 19:28:56', null, '2025-04-09 19:36:07', false, 'E', '2', 0, null, null, null, null),
(123, 1, 'E3', 'E구역 3번', 'NORMAL', '2025-04-09 19:32:43.000000', '2025-04-09 19:28:56', null, '2025-04-09 19:36:07', false, 'E', '3', 0, null, null, null, null),
(124, 1, 'E4', 'E구역 4번', 'NORMAL', '2025-04-09 19:32:44.000000', '2025-04-09 19:28:56', null, '2025-04-09 19:36:07', false, 'E', '4', 0, null, null, null, null),
(125, 1, 'E5', 'E구역 5번', 'NORMAL', '2025-04-09 19:32:44.000000', '2025-04-09 19:28:56', null, '2025-04-09 19:36:07', false, 'E', '5', 0, null, null, null, null),
(126, 2, 'A1', 'A구역 1번', 'VIP', '2025-04-09 19:32:30.000000', '2025-04-09 11:41:51', null, '2025-04-09 19:32:52', true, 'A', '1', 0, null, null, null, null),
(127, 2, 'A2', 'A구역 2번', 'VIP', '2025-04-09 19:32:32.000000', '2025-04-09 11:41:51', null, '2025-04-09 19:32:52', true, 'A', '2', 0, null, null, null, null),
(128, 2, 'B1', 'B구역 1번', '일반', '2025-04-09 19:32:35.000000', '2025-04-09 11:41:51', null, '2025-04-09 19:32:52', true, 'B', '1', 0, null, null, null, null),
(129, 2, 'B2', 'B구역 2번', '일반', '2025-04-09 19:32:36.000000', '2025-04-09 11:41:51', null, '2025-04-09 19:32:52', true, 'B', '2', 0, null, null, null, null),
(130, 2, 'C1', 'C구역 1번', '프리미엄', '2025-04-09 19:32:37.000000', '2025-04-09 11:41:51', null, '2025-04-09 19:32:52', true, 'C', '1', 0, null, null, null, null),
(131, 2, 'A3', 'A구역 3번', 'VIP', '2025-04-09 19:32:38.000000', '2025-04-09 19:28:56', null, '2025-04-09 19:32:52', false, 'A', '3', 0, null, null, null, null),
(132, 2, 'A4', 'A구역 4번', 'VIP', '2025-04-09 19:32:38.000000', '2025-04-09 19:28:56', null, '2025-04-09 19:32:52', false, 'A', '4', 0, null, null, null, null),
(133, 2, 'A5', 'A구역 5번', 'VIP', '2025-04-09 19:32:38.000000', '2025-04-09 19:28:56', null, '2025-04-09 19:32:52', false, 'A', '5', 0, null, null, null, null),
(134, 2, 'B3', 'B구역 3번', 'NORMAL', '2025-04-09 19:32:39.000000', '2025-04-09 19:28:56', null, '2025-04-09 19:32:52', false, 'B', '3', 0, null, null, null, null),
(135, 2, 'B4', 'B구역 4번', 'NORMAL', '2025-04-09 19:32:39.000000', '2025-04-09 19:28:56', null, '2025-04-09 19:32:52', false, 'B', '4', 0, null, null, null, null),
(136, 2, 'B5', 'B구역 5번', 'NORMAL', '2025-04-09 19:32:39.000000', '2025-04-09 19:28:56', null, '2025-04-09 19:32:52', false, 'B', '5', 0, null, null, null, null),
(137, 2, 'C2', 'C구역 2번', 'SUITE', '2025-04-09 19:32:40.000000', '2025-04-09 19:28:56', null, '2025-04-09 19:32:52', false, 'C', '2', 0, null, null, null, null),
(138, 2, 'C3', 'C구역 3번', 'SUITE', '2025-04-09 19:32:40.000000', '2025-04-09 19:28:56', null, '2025-04-09 19:32:52', false, 'C', '3', 0, null, null, null, null),
(139, 2, 'C4', 'C구역 4번', 'SUITE', '2025-04-09 19:32:40.000000', '2025-04-09 19:28:56', null, '2025-04-09 19:32:52', false, 'C', '4', 0, null, null, null, null),
(140, 2, 'C5', 'C구역 5번', 'SUITE', '2025-04-09 19:32:41.000000', '2025-04-09 19:28:56', null, '2025-04-09 19:32:52', false, 'C', '5', 0, null, null, null, null),
(141, 2, 'D2', 'D구역 1번', 'SUITE', '2025-04-09 19:32:41.000000', '2025-04-09 19:28:56', null, '2025-04-09 19:32:52', false, 'D', '1', 0, null, null, null, null),
(142, 2, 'D2', 'D구역 2번', 'SUITE', '2025-04-09 19:32:41.000000', '2025-04-09 19:28:56', null, '2025-04-09 19:32:52', false, 'D', '2', 0, null, null, null, null),
(143, 2, 'D3', 'D구역 3번', 'SUITE', '2025-04-09 19:32:42.000000', '2025-04-09 19:28:56', null, '2025-04-09 19:32:52', false, 'D', '3', 0, null, null, null, null),
(144, 2, 'D4', 'D구역 4번', 'SUITE', '2025-04-09 19:32:42.000000', '2025-04-09 19:28:56', null, '2025-04-09 19:32:52', false, 'D', '4', 0, null, null, null, null),
(145, 2, 'D5', 'D구역 5번', 'SUITE', '2025-04-09 19:32:42.000000', '2025-04-09 19:28:56', null, '2025-04-09 19:32:52', false, 'D', '5', 0, null, null, null, null),
(146, 2, 'E2', 'E구역 1번', 'NORMAL', '2025-04-09 19:32:43.000000', '2025-04-09 19:28:56', null, '2025-04-09 19:32:52', false, 'E', '1', 0, null, null, null, null),
(147, 2, 'E2', 'E구역 2번', 'NORMAL', '2025-04-09 19:32:43.000000', '2025-04-09 19:28:56', null, '2025-04-09 19:32:52', false, 'E', '2', 0, null, null, null, null),
(148, 2, 'E3', 'E구역 3번', 'NORMAL', '2025-04-09 19:32:43.000000', '2025-04-09 19:28:56', null, '2025-04-09 19:32:52', false, 'E', '3', 0, null, null, null, null),
(149, 2, 'E4', 'E구역 4번', 'NORMAL', '2025-04-09 19:32:44.000000', '2025-04-09 19:28:56', null, '2025-04-09 19:32:52', false, 'E', '4', 0, null, null, null, null),
(150, 2, 'E5', 'E구역 5번', 'NORMAL', '2025-04-09 19:32:44.000000', '2025-04-09 19:28:56', null, '2025-04-09 19:32:52', false, 'E', '5', 0, null, null, null, null),
(151, 3, 'A1', 'A구역 1번', 'VIP', '2025-04-09 19:32:30.000000', '2025-04-09 11:41:51', null, '2025-04-09 19:32:52', true, 'A', '1', 0, null, null, null, null),
(152, 3, 'A2', 'A구역 2번', 'VIP', '2025-04-09 19:32:32.000000', '2025-04-09 11:41:51', null, '2025-04-09 19:32:52', true, 'A', '2', 0, null, null, null, null),
(153, 3, 'B1', 'B구역 1번', '일반', '2025-04-09 19:32:35.000000', '2025-04-09 11:41:51', null, '2025-04-09 19:32:52', true, 'B', '1', 0, null, null, null, null),
(154, 3, 'B2', 'B구역 2번', '일반', '2025-04-09 19:32:36.000000', '2025-04-09 11:41:51', null, '2025-04-09 19:32:52', true, 'B', '2', 0, null, null, null, null),
(155, 3, 'C1', 'C구역 1번', '프리미엄', '2025-04-09 19:32:37.000000', '2025-04-09 11:41:51', null, '2025-04-09 19:32:52', true, 'C', '1', 0, null, null, null, null),
(156, 3, 'A3', 'A구역 3번', 'VIP', '2025-04-09 19:32:38.000000', '2025-04-09 19:28:56', null, '2025-04-09 19:32:52', false, 'A', '3', 0, null, null, null, null),
(157, 3, 'A4', 'A구역 4번', 'VIP', '2025-04-09 19:32:38.000000', '2025-04-09 19:28:56', null, '2025-04-09 19:32:52', false, 'A', '4', 0, null, null, null, null),
(158, 3, 'A5', 'A구역 5번', 'VIP', '2025-04-09 19:32:38.000000', '2025-04-09 19:28:56', null, '2025-04-09 19:32:52', false, 'A', '5', 0, null, null, null, null),
(159, 3, 'B3', 'B구역 3번', 'NORMAL', '2025-04-09 19:32:39.000000', '2025-04-09 19:28:56', null, '2025-04-09 19:32:52', false, 'B', '3', 0, null, null, null, null),
(160, 3, 'B4', 'B구역 4번', 'NORMAL', '2025-04-09 19:32:39.000000', '2025-04-09 19:28:56', null, '2025-04-09 19:32:52', false, 'B', '4', 0, null, null, null, null),
(161, 3, 'B5', 'B구역 5번', 'NORMAL', '2025-04-09 19:32:39.000000', '2025-04-09 19:28:56', null, '2025-04-09 19:32:52', false, 'B', '5', 0, null, null, null, null),
(162, 3, 'C2', 'C구역 2번', 'SUITE', '2025-04-09 19:32:40.000000', '2025-04-09 19:28:56', null, '2025-04-09 19:32:52', false, 'C', '2', 0, null, null, null, null),
(163, 3, 'C3', 'C구역 3번', 'SUITE', '2025-04-09 19:32:40.000000', '2025-04-09 19:28:56', null, '2025-04-09 19:32:52', false, 'C', '3', 0, null, null, null, null),
(164, 3, 'C4', 'C구역 4번', 'SUITE', '2025-04-09 19:32:40.000000', '2025-04-09 19:28:56', null, '2025-04-09 19:32:52', false, 'C', '4', 0, null, null, null, null),
(165, 3, 'C5', 'C구역 5번', 'SUITE', '2025-04-09 19:32:41.000000', '2025-04-09 19:28:56', null, '2025-04-09 19:32:52', false, 'C', '5', 0, null, null, null, null),
(166, 3, 'D2', 'D구역 1번', 'SUITE', '2025-04-09 19:32:41.000000', '2025-04-09 19:28:56', null, '2025-04-09 19:32:52', false, 'D', '1', 0, null, null, null, null),
(167, 3, 'D2', 'D구역 2번', 'SUITE', '2025-04-09 19:32:41.000000', '2025-04-09 19:28:56', null, '2025-04-09 19:32:52', false, 'D', '2', 0, null, null, null, null),
(168, 3, 'D3', 'D구역 3번', 'SUITE', '2025-04-09 19:32:42.000000', '2025-04-09 19:28:56', null, '2025-04-09 19:32:52', false, 'D', '3', 0, null, null, null, null),
(169, 3, 'D4', 'D구역 4번', 'SUITE', '2025-04-09 19:32:42.000000', '2025-04-09 19:28:56', null, '2025-04-09 19:32:52', false, 'D', '4', 0, null, null, null, null),
(170, 3, 'D5', 'D구역 5번', 'SUITE', '2025-04-09 19:32:42.000000', '2025-04-09 19:28:56', null, '2025-04-09 19:32:52', false, 'D', '5', 0, null, null, null, null),
(171, 3, 'E2', 'E구역 1번', 'NORMAL', '2025-04-09 19:32:43.000000', '2025-04-09 19:28:56', null, '2025-04-09 19:32:52', false, 'E', '1', 0, null, null, null, null),
(172, 3, 'E2', 'E구역 2번', 'NORMAL', '2025-04-09 19:32:43.000000', '2025-04-09 19:28:56', null, '2025-04-09 19:32:52', false, 'E', '2', 0, null, null, null, null),
(173, 3, 'E3', 'E구역 3번', 'NORMAL', '2025-04-09 19:32:43.000000', '2025-04-09 19:28:56', null, '2025-04-09 19:32:52', false, 'E', '3', 0, null, null, null, null),
(174, 3, 'E4', 'E구역 4번', 'NORMAL', '2025-04-09 19:32:44.000000', '2025-04-09 19:28:56', null, '2025-04-09 19:32:52', false, 'E', '4', 0, null, null, null, null),
(175, 3, 'E5', 'E구역 5번', 'NORMAL', '2025-04-09 19:32:44.000000', '2025-04-09 19:28:56', null, '2025-04-09 19:32:52', false, 'E', '5', 0, null, null, null, null),
(176, 4, 'A1', 'A구역 1번', 'VIP', '2025-04-09 19:32:30.000000', '2025-04-09 11:41:51', null, '2025-04-09 19:32:52', true, 'A', '1', 0, null, null, null, null),
(177, 4, 'A2', 'A구역 2번', 'VIP', '2025-04-09 19:32:32.000000', '2025-04-09 11:41:51', null, '2025-04-09 19:32:52', true, 'A', '2', 0, null, null, null, null),
(178, 4, 'B1', 'B구역 1번', '일반', '2025-04-09 19:32:35.000000', '2025-04-09 11:41:51', null, '2025-04-09 19:32:52', true, 'B', '1', 0, null, null, null, null),
(179, 4, 'B2', 'B구역 2번', '일반', '2025-04-09 19:32:36.000000', '2025-04-09 11:41:51', null, '2025-04-09 19:32:52', true, 'B', '2', 0, null, null, null, null),
(180, 4, 'C1', 'C구역 1번', '프리미엄', '2025-04-09 19:32:37.000000', '2025-04-09 11:41:51', null, '2025-04-09 19:32:52', true, 'C', '1', 0, null, null, null, null),
(181, 4, 'A3', 'A구역 3번', 'VIP', '2025-04-09 19:32:38.000000', '2025-04-09 19:28:56', null, '2025-04-09 19:32:52', false, 'A', '3', 0, null, null, null, null),
(182, 4, 'A4', 'A구역 4번', 'VIP', '2025-04-09 19:32:38.000000', '2025-04-09 19:28:56', null, '2025-04-09 19:32:52', false, 'A', '4', 0, null, null, null, null),
(183, 4, 'A5', 'A구역 5번', 'VIP', '2025-04-09 19:32:38.000000', '2025-04-09 19:28:56', null, '2025-04-09 19:32:52', false, 'A', '5', 0, null, null, null, null),
(184, 4, 'B3', 'B구역 3번', 'NORMAL', '2025-04-09 19:32:39.000000', '2025-04-09 19:28:56', null, '2025-04-09 19:32:52', false, 'B', '3', 0, null, null, null, null),
(185, 4, 'B4', 'B구역 4번', 'NORMAL', '2025-04-09 19:32:39.000000', '2025-04-09 19:28:56', null, '2025-04-09 19:32:52', false, 'B', '4', 0, null, null, null, null),
(186, 4, 'B5', 'B구역 5번', 'NORMAL', '2025-04-09 19:32:39.000000', '2025-04-09 19:28:56', null, '2025-04-09 19:32:52', false, 'B', '5', 0, null, null, null, null),
(187, 4, 'C2', 'C구역 2번', 'SUITE', '2025-04-09 19:32:40.000000', '2025-04-09 19:28:56', null, '2025-04-09 19:32:52', false, 'C', '2', 0, null, null, null, null),
(188, 4, 'C3', 'C구역 3번', 'SUITE', '2025-04-09 19:32:40.000000', '2025-04-09 19:28:56', null, '2025-04-09 19:32:52', false, 'C', '3', 0, null, null, null, null),
(189, 4, 'C4', 'C구역 4번', 'SUITE', '2025-04-09 19:32:40.000000', '2025-04-09 19:28:56', null, '2025-04-09 19:32:52', false, 'C', '4', 0, null, null, null, null),
(190, 4, 'C5', 'C구역 5번', 'SUITE', '2025-04-09 19:32:41.000000', '2025-04-09 19:28:56', null, '2025-04-09 19:32:52', false, 'C', '5', 0, null, null, null, null),
(191, 4, 'D2', 'D구역 1번', 'SUITE', '2025-04-09 19:32:41.000000', '2025-04-09 19:28:56', null, '2025-04-09 19:32:52', false, 'D', '1', 0, null, null, null, null),
(192, 4, 'D2', 'D구역 2번', 'SUITE', '2025-04-09 19:32:41.000000', '2025-04-09 19:28:56', null, '2025-04-09 19:32:52', false, 'D', '2', 0, null, null, null, null),
(193, 4, 'D3', 'D구역 3번', 'SUITE', '2025-04-09 19:32:42.000000', '2025-04-09 19:28:56', null, '2025-04-09 19:32:52', false, 'D', '3', 0, null, null, null, null),
(194, 4, 'D4', 'D구역 4번', 'SUITE', '2025-04-09 19:32:42.000000', '2025-04-09 19:28:56', null, '2025-04-09 19:32:52', false, 'D', '4', 0, null, null, null, null),
(195, 4, 'D5', 'D구역 5번', 'SUITE', '2025-04-09 19:32:42.000000', '2025-04-09 19:28:56', null, '2025-04-09 19:32:52', false, 'D', '5', 0, null, null, null, null),
(196, 4, 'E2', 'E구역 1번', 'NORMAL', '2025-04-09 19:32:43.000000', '2025-04-09 19:28:56', null, '2025-04-09 19:32:52', false, 'E', '1', 0, null, null, null, null),
(197, 4, 'E2', 'E구역 2번', 'NORMAL', '2025-04-09 19:32:43.000000', '2025-04-09 19:28:56', null, '2025-04-09 19:32:52', false, 'E', '2', 0, null, null, null, null),
(198, 4, 'E3', 'E구역 3번', 'NORMAL', '2025-04-09 19:32:43.000000', '2025-04-09 19:28:56', null, '2025-04-09 19:32:52', false, 'E', '3', 0, null, null, null, null),
(199, 4, 'E4', 'E구역 4번', 'NORMAL', '2025-04-09 19:32:44.000000', '2025-04-09 19:28:56', null, '2025-04-09 19:32:52', false, 'E', '4', 0, null, null, null, null),
(200, 4, 'E5', 'E구역 5번', 'NORMAL', '2025-04-09 19:32:44.000000', '2025-04-09 19:28:56', null, '2025-04-09 19:32:52', false, 'E', '5', 0, null, null, null, null),
(201, 5, 'A1', 'A구역 1번', 'VIP', '2025-04-09 19:32:30.000000', '2025-04-09 11:41:51', null, '2025-04-09 19:32:52', true, 'A', '1', 0, null, null, null, null),
(202, 5, 'A2', 'A구역 2번', 'VIP', '2025-04-09 19:32:32.000000', '2025-04-09 11:41:51', null, '2025-04-09 19:32:52', true, 'A', '2', 0, null, null, null, null),
(203, 5, 'B1', 'B구역 1번', '일반', '2025-04-09 19:32:35.000000', '2025-04-09 11:41:51', null, '2025-04-09 19:32:52', true, 'B', '1', 0, null, null, null, null),
(204, 5, 'B2', 'B구역 2번', '일반', '2025-04-09 19:32:36.000000', '2025-04-09 11:41:51', null, '2025-04-09 19:32:52', true, 'B', '2', 0, null, null, null, null),
(205, 5, 'C1', 'C구역 1번', '프리미엄', '2025-04-09 19:32:37.000000', '2025-04-09 11:41:51', null, '2025-04-09 19:32:52', true, 'C', '1', 0, null, null, null, null),
(206, 5, 'A3', 'A구역 3번', 'VIP', '2025-04-09 19:32:38.000000', '2025-04-09 19:28:56', null, '2025-04-09 19:32:52', false, 'A', '3', 0, null, null, null, null),
(207, 5, 'A4', 'A구역 4번', 'VIP', '2025-04-09 19:32:38.000000', '2025-04-09 19:28:56', null, '2025-04-09 19:32:52', false, 'A', '4', 0, null, null, null, null),
(208, 5, 'A5', 'A구역 5번', 'VIP', '2025-04-09 19:32:38.000000', '2025-04-09 19:28:56', null, '2025-04-09 19:32:52', false, 'A', '5', 0, null, null, null, null),
(209, 5, 'B3', 'B구역 3번', 'NORMAL', '2025-04-09 19:32:39.000000', '2025-04-09 19:28:56', null, '2025-04-09 19:32:52', false, 'B', '3', 0, null, null, null, null),
(210, 5, 'B4', 'B구역 4번', 'NORMAL', '2025-04-09 19:32:39.000000', '2025-04-09 19:28:56', null, '2025-04-09 19:32:52', false, 'B', '4', 0, null, null, null, null),
(211, 5, 'B5', 'B구역 5번', 'NORMAL', '2025-04-09 19:32:39.000000', '2025-04-09 19:28:56', null, '2025-04-09 19:32:52', false, 'B', '5', 0, null, null, null, null),
(212, 5, 'C2', 'C구역 2번', 'SUITE', '2025-04-09 19:32:40.000000', '2025-04-09 19:28:56', null, '2025-04-09 19:32:52', false, 'C', '2', 0, null, null, null, null),
(213, 5, 'C3', 'C구역 3번', 'SUITE', '2025-04-09 19:32:40.000000', '2025-04-09 19:28:56', null, '2025-04-09 19:32:52', false, 'C', '3', 0, null, null, null, null),
(214, 5, 'C4', 'C구역 4번', 'SUITE', '2025-04-09 19:32:40.000000', '2025-04-09 19:28:56', null, '2025-04-09 19:32:52', false, 'C', '4', 0, null, null, null, null),
(215, 5, 'C5', 'C구역 5번', 'SUITE', '2025-04-09 19:32:41.000000', '2025-04-09 19:28:56', null, '2025-04-09 19:32:52', false, 'C', '5', 0, null, null, null, null),
(216, 5, 'D2', 'D구역 1번', 'SUITE', '2025-04-09 19:32:41.000000', '2025-04-09 19:28:56', null, '2025-04-09 19:32:52', false, 'D', '1', 0, null, null, null, null),
(217, 5, 'D2', 'D구역 2번', 'SUITE', '2025-04-09 19:32:41.000000', '2025-04-09 19:28:56', null, '2025-04-09 19:32:52', false, 'D', '2', 0, null, null, null, null),
(218, 5, 'D3', 'D구역 3번', 'SUITE', '2025-04-09 19:32:42.000000', '2025-04-09 19:28:56', null, '2025-04-09 19:32:52', false, 'D', '3', 0, null, null, null, null),
(219, 5, 'D4', 'D구역 4번', 'SUITE', '2025-04-09 19:32:42.000000', '2025-04-09 19:28:56', null, '2025-04-09 19:32:52', false, 'D', '4', 0, null, null, null, null),
(220, 5, 'D5', 'D구역 5번', 'SUITE', '2025-04-09 19:32:42.000000', '2025-04-09 19:28:56', null, '2025-04-09 19:32:52', false, 'D', '5', 0, null, null, null, null),
(221, 5, 'E2', 'E구역 1번', 'NORMAL', '2025-04-09 19:32:43.000000', '2025-04-09 19:28:56', null, '2025-04-09 19:32:52', false, 'E', '1', 0, null, null, null, null),
(222, 5, 'E2', 'E구역 2번', 'NORMAL', '2025-04-09 19:32:43.000000', '2025-04-09 19:28:56', null, '2025-04-09 19:32:52', false, 'E', '2', 0, null, null, null, null),
(223, 5, 'E3', 'E구역 3번', 'NORMAL', '2025-04-09 19:32:43.000000', '2025-04-09 19:28:56', null, '2025-04-09 19:32:52', false, 'E', '3', 0, null, null, null, null),
(224, 5, 'E4', 'E구역 4번', 'NORMAL', '2025-04-09 19:32:44.000000', '2025-04-09 19:28:56', null, '2025-04-09 19:32:52', false, 'E', '4', 0, null, null, null, null),
(225, 5, 'E5', 'E구역 5번', 'NORMAL', '2025-04-09 19:32:44.000000', '2025-04-09 19:28:56', null, '2025-04-09 19:32:52', false, 'E', '5', 0, null, null, null, null);




-- movie_reser_sub 테이블
INSERT INTO movie_reser_sub (id, reser_id, reser_cd, seat_Cd)
VALUES
(1, 1, 'R2025040101', 'A1'),
(2, 2, 'R2025040102', 'A2'),
(3, 3, 'R2025040103', 'B1'),
(4, 4, 'R2025040104', 'B2'),
(5, 5, 'R2025040105', 'C1');




ALTER TABLE movie_seat ADD COLUMN is_reserved BOOLEAN NOT NULL DEFAULT FALSE;
ALTER TABLE movie_seat ADD COLUMN seatCol varchar(100);
ALTER TABLE movie_seat ADD COLUMN seatRow varchar(100);
ALTER TABLE movie_info add column description text;
ALTER TABLE movie_info ADD FULLTEXT (description);